URL,Description,ASIN,Product Description,Manufacturer
https://www.amazon.in/gp/bestsellers/luggage/2917444031/ref=sr_bs_0_2917444031_1,,,,
https://www.amazon.in/American-Tourister-AMT-SCH-02/dp/B07CJCGM1M,,,,
https://www.amazon.in/Wesley-Milestone-Waterproof-Backpack-Business/dp/B084JGJ8PF/ref=ice_ac_b_dpb,,,,
https://www.amazon.in/Half-Moon-Waterproof-Backpack-Students/dp/B085MHDJ93,,,,
https://www.amazon.in/Gear-Black-Laptop-Backpack-LBPASPIRE0104/dp/B075MK4TXP,,,,
https://www.amazon.in/gp/bestsellers/computers/1375464031/ref=sr_bs_5_1375464031_1,,,,
https://www.amazon.in/Number-Backpack-Compartment-Charging-Organizer/dp/B09VTDMRY7,,,,
https://www.amazon.in/gp/bestsellers/luggage/1984997031/ref=sr_bs_7_1984997031_1,,,,
https://www.amazon.in/Half-Moon-Resistant-Backpack-Compartment/dp/B0BJ32LQ6X,,,,
https://www.amazon.in/ADISA-Laptop-Backpack-Office-College/dp/B0BPVLXD53,,,,Visit the ADISA Store
https://www.amazon.in/American-Tourister-BACKPACK-COMPARTMENT-ORGANIZER/dp/B0BTD4FK9G,,,,
https://www.amazon.in/SAFARI-Ltrs-Casual-Backpack-DAYPACKNEO15CBSEB/dp/B07Q7CNPMV,,,,
https://www.amazon.in/ADISA-Laptop-Backpack-Office-College/dp/B09TPX22NF,,,,
https://www.amazon.in/TRUE-HUMAN-Anti-Theft-backpack-charging/dp/B09QJ7ZF2Y,,,,
https://www.amazon.in/Lenovo-15-6-Inches-Everyday-Backpack/dp/B08R7RPVJF,,,,
https://www.amazon.in/Wesley-Spartan-Hiking-Raincover-Organiser/dp/B098QFF5TJ,,,,
https://www.amazon.in/Swisslook-Polyester-15-6-inch-Backpack-Waterproof/dp/B07XYTZP4Z,,,,
https://www.amazon.in/F-Gear-Circadian-Guc-Black-Casual-Backpack/dp/B084THQXCD,,,,
https://www.amazon.in/Bagneeds-Synthetic-Leather-Briefcase-Messenger/dp/B0855F8174,,,,
https://www.amazon.in/LL-LEATHER-LAND-DESIGNER-BAGS/dp/B0BD4TTDHD,,,,
https://www.amazon.in/Kore-K-REGULAR-GYM-BAG-Regular-Gym-Bag/dp/B09VLK27NF,,,,
https://www.amazon.in/F-Gear-Tycoon-Laptop-Backpack/dp/B071XJ6XV5,,,,
https://www.amazon.in/WILD-MODA-Womens-Shoulder-Turquoise/dp/B099PLT91X,,,,
https://www.amazon.in/POLESTAR-backpack-Backpack-College-Students/dp/B08X2KRL8B,,,,
https://www.amazon.in/Tabelito-NEO-Backpack-Business-Compartment/dp/B0C2D2XC4H,,,,
https://www.amazon.in/Skybags-Unisex-Blith-Jacquard-Backpacks/dp/B0B21Z3DBD,,,,
https://www.amazon.in/SFANE-Duffel-Shoulder-Women-Compartment/dp/B07ZC77WTW,,,,
https://www.amazon.in/American-Tourister-LAPTOP-BACKPACK-POLYESTER/dp/B0BLCXMTZ7,,,,
https://www.amazon.in/SKYBAGS-Unisex-Luggage-Duffel-Bag-DFHUS55ONG/dp/B07F342RQD,,,,
https://www.amazon.in/Lenovo-Carrying-15-6-Inch-Toploader-GX40Q17230/dp/B075Y8294N,,,,Brand: Lenovo
https://www.amazon.in/Lavie-Extra-Large-Malnov-Womens/dp/B08LRFCBLW,"Give a classy touch to your ensemble with this trendy tote by Lavie. Displaying a herringbone print, thin handles and an adjustable and detachable sling belt, this bag opens to a large compartment and multiple utility pockets with smooth sliding zippers.",,"Product descriptionGive a classy touch to your ensemble with this trendy tote by Lavie. Displaying a herringbone print, thin handles and an adjustable and detachable sling belt, this bag opens to a large compartment and multiple utility pockets with smooth sliding zippers.",Visit the Lavie Store
https://www.amazon.in/Aspire-Laptop-Backpack-Resistant-Macbook/dp/B0BYSXLVNN,,,,
https://www.amazon.in/Wildcraft-Turnaround-Polyester-Laptop-8903340000000/dp/B012D4QWES,,,,
https://www.amazon.in/DZert-Kids-Grey-School-Years/dp/B07QD1M3R9,,,,
https://www.amazon.in/Safari-Laptop-Backpack-Compartments-Resistant/dp/B09B27GN41,,,,
https://www.amazon.in/PUMA-Laptop-Backpack-IND-Black-CASTLEROCK/dp/B08BV2S9K1,,,,
https://www.amazon.in/Fur-Jaden-Charging-Waterproof-BM36_BlackBlue/dp/B07MXL9KYG,,,,
https://www.amazon.in/Hammonds-Flycatcher-Leather-Messenger-LB138MH/dp/B0851GV3F7,,,,
https://www.amazon.in/Business-Casual-Resistant-Laptop-Backpack/dp/B0862V2GKH,,,,
https://www.amazon.in/Dynotrek-Sack-pack-Waterproof-Chromebook-Charcoal/dp/B09TNTPK6G,,,,
https://www.amazon.in/Wildcraft-Polyester-Black-Laptop-8903338054290/dp/B012D4QKHW,,,,
https://www.amazon.in/Genie-Flamenco2-Backpack-Compatible-Resistant/dp/B08YF1XJXY,,,,
https://www.amazon.in/American-Tourister-FJ9-01-002/dp/B07N19CXKM,,,,
https://www.amazon.in/Half-Moon-Resistant-Laptop-Backpack/dp/B09842K4RQ,,,,
https://www.amazon.in/Wooum-Resisitance-Shoulder-Business-Messenger/dp/B0993Q72WD,,,,
https://www.amazon.in/WALKENT-Flair-Expandable-Anti-Theft-Waterproof/dp/B09BVSNMS2,,,,
https://www.amazon.in/FATMUG-Compartment-Shoulder-Training-Overnight/dp/B08PC3FZWV,,,,
https://www.amazon.in/House-Quirk-Electronics-Accessories-Organizer/dp/B07MMGBD1J,,,,
https://www.amazon.in/Capriff-Liters-Collage-travell-Backpack/dp/B084T7X2HX,,,,
https://www.amazon.in/Gear-Executive-Anti-Theft-Backpack-BKPPKREXE0101/dp/B097KCMQKG,,,,
https://www.amazon.in/Seute-Verdiater-Laptop-Backpack-Multipurpose/dp/B07D9D5284,,,,
https://www.amazon.in/Puma-Unisex-Adult-Backpack-Parisian-9018302/dp/B0BWF3K4GC,PUMA Core Laptop Backpack,,Product descriptionPUMA Core Laptop Backpack,Brand: Puma
https://www.amazon.in/Amazon-Basics-Laptop-Backpack-Repellent/dp/B09W39H3F9,,,,
https://www.amazon.in/GreenLands-SG-Backpack-QUAD-L-Grey/dp/B08ML7RWG6,,,,
https://www.amazon.in/Lavie-Spring-Summer-Womens-Tote/dp/B0814PV49H,,,,
https://www.amazon.in/London-Artificial-Handmade-Messenger-1102_darkbrn/dp/B078BH7XV5,,,,
https://www.amazon.in/YuvKuz-TM-Infocus-Digitizer-Assembly/dp/B07MXNWTB2,,,,
https://www.amazon.in/F-Gear-Samurai-Black-Laptop-Backpack/dp/B071F2M8CW,,,,
https://www.amazon.in/American-Tourister-BOUNCE-BACKPACK-POLYESTER/dp/B0BLC9MQHW,,,,
https://www.amazon.in/Wildcraft-Shutter-Bug-Camera-Backpack/dp/B07GVJ5LZB,,,,
https://www.amazon.in/Purple-Tree-Canvas-Tote-Women/dp/B07PH2RCPS,,,,
https://www.amazon.in/American-Tourister-Polyester-Compartment-Backpack/dp/B0BWFFFT5H,,,,
https://www.amazon.in/FATMUG-Laptop-Bag-Men-Convertible/dp/B084LFX8ZZ,,,,
https://www.amazon.in/Martucci-Laptop-Backpack-College-Reflective/dp/B0B7DT6HY3,,,,
